{"train_loss": 0.004508331324117807, "_timestamp": 1715567550.4901965, "_runtime": 22020.62261247635, "_step": 64, "val_loss": 0.004635326231375409}