{"train_loss": 0.005332395674661926, "_timestamp": 1715540286.6820006, "_runtime": 8482.505890607834, "_step": 35, "val_loss": 0.0052469649289145276}